{"initialEpsilon":0.20000000298023225,"alpha":0.5,"gamma":0.8999999761581421,"maxMovesPerEpisode":25,"gridSize":{"x":5,"y":5,"z":5},"initialPosition":{"x":0,"y":2,"z":0},"destination":{"x":2,"y":2,"z":0},"loadTable":false,"minEpsilon":0.05000000074505806,"epsilonDecayRate":0.9850000143051148}